Team Num,Image Name
61,61.jpg
151,151 - 2.jpg
166,166.jpg
175,175 - 3.jpg
176,176 - 1.jpg
178,178 - 2.jpg
181,181 - 1.jpg
237,237.jpg
316,316 - 2.jpg
501,501 - 2.jpg
571,571 - 1.jpg
663,663 - 3.jpg
716,716 - 2.jpg
839,839 - 2.jpg
1699,1699 - 2.jpg
1991,1991 - 3.jpg
2168,2168 - 2.jpg
2370,2370 - 3.jpg
2523,2523 - 3.jpg
3146,3146 - 2.jpg
3182,3182 - 2.jpg
3205,3205 - 2.jpg
3585,3585 - 2.jpg
3623,3623 - 2.jpg
3718,3718 - 2.jpg
3719,3719 - 2.jpg
4034,4034 - 2.jpg
4048,4048 - 2.jpg
4097,4097 - 2.jpg
4546,4546 - 2.jpg